id,name,email,postal_code,age
1,Aphrodite O. Munoz,dapibus.gravida@auguescelerisque.net,SK6 7DT,60
2,Inez F. Oconnor,eu.nulla.at@pellentesque.co.uk,BT47 3GT,84
3,Quentin V. Keller,dui@sem.com,DE56 2SR,34
4,Preston S. Roy,gravida.nunc@famesac.co.uk,SG8 5LJ,22
5,Xyla G. Solis,Nunc@Aliquamrutrum.org,LE2 4FP,73
6,Jordan W. Robles,fermentum.risus@eueleifend.net,MK1 1BL,44
7,Stephanie A. Branch,ante.Maecenas@elementumsem.edu,SL3 6BH,69
8,Axel J. Burton,nunc@Pellentesquetincidunttempus.ca,SL5 0PA,62
9,Carl I. Hunter,ac.arcu.Nunc@convallis.org,M31 4FJ,48
10,Cailin J. Gonzalez,mi.ac@quisaccumsanconvallis.com,L3 6JZ,79
11,Justine X. Rodgers,luctus.et.ultrices@egestasDuis.co.uk,LL58 8AU,23
12,Dora B. Rose,ullamcorper@varius.ca,FY6 7AD,81
13,Rama T. Fisher,eros@quismassaMauris.net,SE16 4TU,52
14,Wayne W. Walsh,Cras.vulputate@Nuncmaurissapien.edu,SO51 0LR,43
15,Imelda X. Tanner,justo.faucibus@Donectincidunt.co.uk,S73 8NE,49
16,Claire A. Leblanc,Quisque.porttitor@vestibulum.org,TN4 0QS,36
17,Lance D. Cohen,egestas.blandit.Nam@odiosagittissemper.ca,HR1 2JT,72
18,Kiayada U. Kerr,purus@Aeneangravida.co.uk,NN13 5PZ,51
19,India H. Ratliff,sem@libero.edu,BH17 7EE,29
20,Mechelle X. Massey,amet@massaMauris.ca,DE65 6AY,77
21,Jermaine I. Mays,feugiat.tellus@Duis.ca,PH1 3PW,79
22,Keaton L. Fox,massa.Quisque.porttitor@nisiAeneaneget.ca,BD5 8EG,82
23,Karly X. Castaneda,amet.orci.Ut@egestas.co.uk,LL28 5AF,68
24,Deirdre E. Ochoa,consequat.nec.mollis@maurisid.co.uk,CR0 0LB,40
25,Jolie D. Townsend,augue.eu@enimgravida.ca,BT33 0ED,42
26,Merritt R. Fischer,ornare@utmi.net,S73 9NT,64
27,Rashad A. Rosario,morbi.tristique@Suspendissetristique.edu,TW10 6JR,80
28,Tatiana Z. Gray,id.sapien.Cras@miDuisrisus.ca,DN36 5QP,88
29,Rose Y. Downs,nulla.magna.malesuada@Nulladignissim.co.uk,E6 5SE,69
30,Kylie C. Byrd,ipsum.primis.in@urna.ca,B78 3JU,65
31,Chelsea N. Quinn,lacus.Quisque@amalesuada.com,HX6 4RP,86
32,Mason K. Mclean,gravida.non@Morbimetus.com,NP20 6JD,79
33,Charde Y. Wilder,montes@elitelit.co.uk,TN8 5ND,77
34,Bryar T. David,Sed.auctor@nascetur.net,B93 9EZ,38
35,Quemby T. Rasmussen,iaculis.odio@Suspendisseac.org,IP6 8EF,72
36,Charlotte R. Romero,dictum.sapien@pellentesque.net,ME2 1NR,60
37,Hanna A. Mendez,Pellentesque.ut.ipsum@sodaleseliterat.com,HU9 1PW,41
38,Kevyn I. Mcbride,lectus@Proinvelit.org,M34 3AF,50
39,Keane X. Powers,elit.Nulla@CuraeDonec.edu,YO12 6LS,77
40,Lionel K. Hickman,sodales.nisi.magna@metusIn.edu,NE16 5NE,50
41,Sydney S. Lang,dictum.eleifend@dis.org,KA18 3DD,36
42,Ifeoma R. Oneill,euismod@montesnascetur.org,LS8 2BR,81
43,Judah D. Dennis,hendrerit.a@auctor.net,CW11 1LH,56
44,Michelle X. Cannon,magna.Duis@pedePraesent.com,SR5 2HT,72
45,Avye N. Bates,et.rutrum@etpede.com,ST10 2HW,22
46,Dustin U. Gibson,nec.ligula.consectetuer@molestie.net,L69 3QD,83
47,Bevis D. Kane,libero.Donec@euerosNam.net,PE23 4NT,76
48,Clio G. Christensen,molestie.dapibus@lacus.net,TN33 0AZ,54
49,Hanae F. Hughes,convallis.erat@arcuVestibulum.ca,HP22 5EQ,42
50,Tucker B. Garner,augue@fringillaDonecfeugiat.net,S40 1BQ,31
51,Jermaine M. Dominguez,Donec.tempor@Suspendisseac.com,G72 0QW,74
52,Harding P. Hansen,porttitor.vulputate@ut.org,CO10 8NL,28
53,Roth R. Roman,Cras.convallis@Etiamimperdietdictum.net,B19 2TR,46
54,Phelan O. Rosario,nibh@nec.org,CH1 4PU,28
55,Linus P. Ross,sed.sapien.Nunc@sagittisaugueeu.net,SK3 9QR,69
56,Thor M. Taylor,Quisque.purus.sapien@Crassedleo.edu,WR11 3BB,56
57,Savannah R. Rowland,erat@parturientmontes.edu,PO1 2EJ,40
58,Davis N. Savage,sollicitudin@velarcu.co.uk,PE8 6XB,76
59,Brittany X. Hendricks,Nulla.facilisis@orci.org,GU21 6LF,57
60,Kimberley E. Davis,risus.Donec@Nullam.edu,NR28 0EA,35
61,Meghan Q. Dawson,et.nunc@sociisnatoque.net,IP12 3QZ,88
62,Dara B. King,risus.Donec@Curabiturutodio.com,SS16 4AW,34
63,Odessa W. Brock,Nullam@euismodetcommodo.co.uk,KY15 4DS,71
64,Abraham G. Rivers,pharetra.ut.pharetra@tinciduntDonec.com,BH8 8FU,35
65,Mallory O. Rhodes,interdum.ligula.eu@sodales.co.uk,CM23 9EE,60
66,Silas L. Hickman,tempor@vulputate.com,M32 9QG,19
67,Micah E. Vaughn,mauris.erat.eget@inconsectetuer.ca,HU12 9BF,36
68,Yael P. Abbott,Nulla@acurna.co.uk,W1F 7TA,32
69,Fritz M. Norton,eget.lacus@Donecconsectetuermauris.co.uk,N7 9JQ,77
70,Danielle S. Ortiz,nec@aliquet.co.uk,YO26 5RR,32
71,Gillian B. Patrick,fames.ac@Nuncquis.ca,DY8 4UW,37
72,Beverly H. Roberson,ipsum.leo.elementum@tortor.com,SN10 1JL,69
73,Katell R. Golden,malesuada.vel.venenatis@Aliquamultricesiaculis.edu,TW18 3JN,28
74,Eleanor S. Moon,libero.et@commodoauctor.ca,YO7 2HF,69
75,Astra Q. Knowles,arcu.Aliquam.ultrices@Suspendisseeleifend.com,DT11 7HR,35
76,Eden K. Hancock,iaculis.odio.Nam@neque.edu,SL8 5LB,44
77,Keiko J. Blankenship,vehicula.aliquet.libero@tellus.co.uk,SE18 3RG,82
78,Ann E. Middleton,at.libero@Donecest.ca,SE5 9EU,41
79,McKenzie D. Horton,Vivamus@iaculisneceleifend.org,BA11 3FH,26
80,Ulysses N. Sears,mattis@fringillaDonec.ca,BT20 4TD,31
81,Lewis H. George,pulvinar.arcu.et@cursuspurus.net,NG11 8QR,85
82,Chaim Z. Lane,ut.quam@adipiscing.com,EX15 1TZ,84
83,Steel Z. York,Mauris@quistristique.com,PO36 0DE,23
84,Sasha Z. Williams,et.ultrices@tristiquesenectus.co.uk,WC1H 9PL,59
85,Zelda D. Mack,enim@auctor.net,NP12 3UZ,39
86,Abraham O. Sampson,est.tempor@Nunc.ca,TN23 3ES,35
87,Ann S. Dunn,odio.Aliquam.vulputate@tortor.co.uk,RG8 9BN,89
88,Colleen U. Rodgers,commodo.auctor.velit@lectus.edu,SG4 8RL,83
89,Gwendolyn O. Rowland,sollicitudin@Sedeget.org,CV22 6QS,48
90,Rhea E. Velez,at@nulla.ca,KA1 5BF,61
91,Raymond L. Lindsay,vel.arcu@tellus.co.uk,AB11 8DX,28
92,Jack P. Franks,sed.leo@arcuAliquamultrices.net,PO32 6EZ,28
93,Medge C. Butler,Nunc.lectus.pede@faucibus.org,PE32 1RJ,39
94,Dawn G. Davenport,arcu.Sed.et@vitaeerat.co.uk,ME8 6UU,86
95,Keane Q. Guthrie,egestas.Fusce.aliquet@lacusNullatincidunt.net,PO31 8JD,25
96,Armand G. Berg,mauris.sit@orciconsectetuer.co.uk,IG9 6DR,38
97,Ivan E. Patrick,ligula@aliquetsem.co.uk,DE6 2AQ,26
98,Tara S. Tillman,enim.non.nisi@tinciduntpedeac.org,SG1 4HD,57
99,Pascale Q. Gallagher,convallis@Nulla.org,HP14 3PY,71
100,Otto H. Hansen,eu@ornare.com,WV4 4XQ,49
